【近代史纲要】1. 鸦片战争前中国封建社会的主要矛盾是<br><br>A. 地主阶级和农民阶级的矛盾 <br>B. 帝国主义和中华民族的矛盾 <br>C. 资产阶级和工人阶级的矛盾 <br>D. 封建主义和资本主义的矛盾,A
【近代史纲要】2. 中国封建社会产生过诸多“盛世”，出现在清代的是<br><br>A. 文景之治 <br>B. 贞观之治 <br>C. 开元之治 <br>D. 康乾盛世,D
【近代史纲要】3. 将中国领土台湾割让给日本的不平等条约是<br><br>A. 《南京条约》 <br>B. 《北京条约》 <br>C. 《马关条约》 <br>D. 《瑷珲条约》,C
【近代史纲要】4. 1839年组织编写成《四洲志》，向中国人介绍西方情况的是<br><br>A. 林则徐 <br>B. 魏源 <br>C. 马建忠 <br>D. 郑观应,A
【近代史纲要】5. 19 世纪末，在帝国主义列强瓜分中国的狂潮中提出“门户开放”政策的国家是<br><br>A.俄国 <br>B.日本 <br>C.美国 <br>D.德国,C
【近代史纲要】6. 19 世纪初，大肆向中国走私鸦片的主要国家是<br><br>A.美国 <br>B.英国 <br>C.日本 <br>D.俄国,B
【近代史纲要】7. 1840 年鸦片战争前，中国社会的性质是<br><br>A.奴隶社会 <br>B.封建社会 <br>C.半殖民地半封建社会 <br>D.资本主义社会,B
【近代史纲要】8. 早在 1836 年就扬言要用武力打开中国国门的是<br><br>A.英国驻华商务监督义律 <br>B.美国驻华公使田贝 <br>C.德国传教士郭士立 <br>D.法国传教士孟振生,A
【近代史纲要】9. 第一次鸦片战争后，清政府被迫与法国签订的不平等条约是<br><br>A. 《南京条约》 <br>B. 《望厦条约》 <br>C. 《黄埔条约》 <br>D. 《北京条约》,C
【近代史纲要】10. 外国列强对近代中国进行资本输出最早出现在<br><br>A. 第一次鸦片战争后 <br>B. 第二次鸦片战争后 <br>C. 中日甲午战争后 <br>D. 八国联军侵华战争后,B
【近代史纲要】11. 在中国近代史上，人民群众第一次反侵略的武装斗争是<br><br>A. 三元里人民的抗英斗争 <br>B. 太平天国抗击洋枪队的斗争 <br>C. 台湾人民的抗日斗争 <br>D. 义和团抗击八国联军的斗争,A
【近代史纲要】12. 日本在甲午战争后迫使清政府签订了<br><br>A. 《天津条约》 <br>B. 《北京条约》 <br>C. 《马关条约》 <br>D. 《辛丑条约》,C
【近代史纲要】13. 1860年洗劫和烧毁圆明园的侵略军是<br><br>A. 日本侵略军 <br>B. 俄国侵略军 <br>C. 英法联军 <br>D. 八国联军,C
【近代史纲要】14. 1895年签订的将中国领土台湾割让给日本的不平等条约是<br><br>A. 《南京条约》 <br>B. 《北京条约》 <br>C. 《天津条约》 <br>D. 《马关条约》,D
【近代史纲要】15. 近代中国睁眼看世界的第一人是<br><br>A. 魏源 <br>B. 林则徐 <br>C. 龚自珍 <br>D. 洪仁\textasciitilde{},B
【近代史纲要】16. 第一次鸦片战争结束后，美国迫使清政府订立的不平等条约是<br><br>A. 《南京条约》 <br>B. 《望厦条约》 <br>C. 《黄埔条约》 <br>D. 《瑷珲条约》,B
【近代史纲要】17. 1949年9月21日，中国人民政治协商会议第一届全体会议通过了()，在当时是全国人民的大宪章，在一个时期内起着临时宪法的作用。<br><br>A. 《中国人民政治协商会议共同纲领》 <br>B. 《中华人民共和国中央人民政府组织法》 <br>C. 《中国人民政治协商会议组织法》 <br>D. 《中华人民共和国宪法》,A
【近代史纲要】18. 1949年中国人民政治协商会议召开，选举的中央人民政府主席是()。<br><br>A. 刘少奇 <br>B.毛泽东 <br>C.朱德 <br>D.周恩来,B
【近代史纲要】19. 关于新中国成立的意义，下列说法正确的有()。<br><br>A.新中国的成立，彻底结束了旧中国半殖民地半封建社会的历史 <br>B.新中国的成立，极大地改变了世界的政治格局，对世界历史进程产生深远影响。 <br>C.新中国的成立，是马克思列宁主义在中国的胜利，是马克思列宁主义普遍原理和中国具体实践相结合的思想，即毛泽东思想的胜利。 <br>D.新中国的成立，标志着中国人民从此站起来了。,A
【近代史纲要】20. 1950年10月，人民解放军发起()，歼灭了藏军主力一部分，为和平解放西藏铺平了道路。<br><br>A.宁夏战役 <br>B.昌都战役 <br>C.西南战役 <br>D.拉萨战役,B
【近代史纲要】21. ( )构成了新中国初期国营经济物质技术基础的主要部分，为大规模经济建设和社会主义改造提供了重要物质基础。<br><br>A.没收地主土地归农民所有 <br>B.没收官僚资本 <br>C.没收帝国主义在华企业 <br>D.对民族资本主义经济进行改造,B
【近代史纲要】22. 西藏和平解放的时间是()。<br><br>A.1949年 <br>B.1950年 <br>C.1951年 <br>D.1952年,C
【近代史纲要】23. 因香港.澳门的特殊性和复杂性，中共中央制定了(1)和(2)的方针，利用两地尤其是香港原有贸易条件，以促进新中国的经济恢复和工业化建设。<br><br>A.实行“一国两制” <br>B.“暂时维持现状” <br>C.“长期打算，充分利用” <br>D.迅速解放,B
【近代史纲要】24. 为巩固新生的人民民主专政政权，新中国成立后，党开展的工作主要有(1)。<br><br>A.没收官僚资本 <br>B.镇压反革命 <br>C.清除匪患 <br>D.抗美援朝,A
【近代史纲要】25. 关于抗美援朝战争的伟大意义是(1)。<br><br>A.中国人民彻底扫除了近代以来任人宰割.仰人鼻息的百年耻辱，彻底扔掉了“东亚病夫”的帽子。 <br>B.奠定了新中国在亚洲和国际事务中的重要地位，彰显了新中国的大国地位。 <br>C.人民军队在战争中学习战争，取得了重要军事经验，极大促进了国防和军队现代化。 <br>D.改变了二战后亚洲乃至世界的战略格局有力推动了世界和平与人类进步事业。,A
【近代史纲要】26. 1950年5月，《中华人民共和国婚姻法》颁布施行。这是新中国成立后制定的第一部基本法律。  答案:正确  27. 1950年，国家在实行工商业合理调整过程中，重点调整的关系是(1)。<br><br>A.公私关系 <br>B.城乡关系 <br>C.劳资关系 <br>D.产销关系,A
【近代史纲要】28. 新中国成立前后，为了稳定物价，打击不法资本家的投机行为，人民政府与不法资本家展开了()。<br><br>A.银元之战 <br>B.米棉之战 <br>C.城乡之战 <br>D.金银之战,A
【近代史纲要】29. 中国开始以实施发展国民经济第一个五年计划为中心的大规模经济建设的时间是()。<br><br>A.1954年 <br>B.1952年 <br>C.1953年 <br>D.1956年,C
【近代史纲要】30. 下列不属于“一五计划”期间建立起来的工程项目的是()。<br><br>A.鞍山钢铁公司 <br>B.长春第一汽车制造厂 <br>C.湖北第二汽车制造厂 <br>D.武汉长江大桥,C
【近代史纲要】31. 我国对资本主义工商业社会主义改造采取的政策是()。<br><br>A.彻底消灭 <br>B.没收 <br>C.和平赎买 <br>D.自生自灭,C
"【近代史纲要】32. 我国对个体手工业进行社会主义改造采取的方针是()。<br><br>A. 和平赎买 <br>B. 先合作化,后机械化 <br>C. 积极引导,稳步前进 <br>D. 自愿互利,典型示范",C
"【近代史纲要】33. 1954年一届全国人大一次会议的召开,标志着()作为新中国根本政治制度的正式确立。<br><br>A. 人民代表大会制度 <br>B. 人民政协制度 <br>C. 共产党领导的多党合作制度 <br>D. 基层群众自治制度",A
"【近代史纲要】34. 为引领社会风气,《共同纲领》提出的“五爱”精神是()。<br><br>A. 爱祖国,爱人民 <br>B. 爱劳动 <br>C. 爱科学 <br>D. 爱护公共财物",A
"【近代史纲要】35. 新中国成立后,最早与中国订立平等的外交条约的国家是()。<br><br>A. 朝鲜 <br>B. 苏联 <br>C. 越南 <br>D. 英国",B
"【近代史纲要】36. 1954年,新中国首次参加的重要国际会议是()。<br><br>A.万隆会议 <br>B.日内瓦会议 <br>C.板门店会议 <br>D.釜山会议",B
【近代史纲要】37. 新中国确立的外交方针是()。<br><br>A.“打扫干净屋子再请客” <br>B.“另起炉灶” <br>C.“一边倒” <br>D.全面斗争,A
【近代史纲要】38. 中国进入新民主主义社会后，在经济上处于领导地位的是<br><br>A.私人资本主义经济 <br>B.国营经济 <br>C.国家资本主义经济 <br>D.合作社经济,B
【近代史纲要】39. 中国大陆基本解放和实现统一的标志是<br><br>A.1949年中华人民共和国的成立 <br>B.1950年中共七届三中全会的召开 <br>C.1951年西藏的和平解放 <br>D.1952年土地改革的完成,C
【近代史纲要】40. 中共中央正式提出过渡时期总路线是在<br><br>A.1949年 <br>B.1952年 <br>C.1953年 <br>D.1956年,C
【近代史纲要】41. 1955年，毛泽东发表全面总结农业合作化运动经验的报告是<br><br>A.《关于农业生产互助合作的决议（草案）》 <br>B.《关于发展农业生产合作社的决议》 <br>C.《关于农业合作化问题》 <br>D.《关于人民公社若干问题的决议》,C
【近代史纲要】42. 1959年，在中共中央召开的庐山会议上受到错误批判的是<br><br>A.刘少奇 <br>B.彭德怀 <br>C.周恩来 <br>D.邓小平,B
【近代史纲要】43. 1951年底到1952年春，中国共产党在党政机构工作人员中开展了<br><br>A.肃反运动 <br>B.整风.整党运动 <br>C.“三反”运动 <br>D.“五反”运动,C
【近代史纲要】44. 中国共产党在过渡时期总路线的主体是实现<br><br>A.国家的社会主义工业化 <br>B.国家对农业的社会主义改造 <br>C.国家对手工业的社会主义改造 <br>D.国家对资本主义工商业的社会主义改造,A
【近代史纲要】45. 新中国开始实行发展国民经济的第一个五年计划是在<br><br>A.1950年 <br>B.1951年 <br>C.1952年 <br>D.1953年,D
【近代史纲要】46. 中国进入社会主义社会的主要标志是<br><br>A.中华人民共和国的成立 <br>B.过渡时期总路线的提出 <br>C.第一届全国人民代表大会的召开 <br>D.社会主义三大改造的完成,D
【近代史纲要】47. 1949年3月，中国共产党在西柏坡召开的重要会议是<br><br>A.中共六大 <br>B.中共六届六中全会 <br>C.中共七大 <br>D.中共七届二中全会,D
【近代史纲要】48. 我国对资本主义工商业的社会主义改造所实行的政策是<br><br>A.无偿没收 <br>B.有偿还用 <br>C.公私合营 <br>D.和平赎买,D
【近代史纲要】49. 毛泽东在1957年指出，我国国家政治生活的主题是正确处理<br><br>A.敌我矛盾 <br>B.人民内部矛盾 <br>C.生产关系与生产力的矛盾 <br>D.上层建筑与经济基础的矛盾,B
【近代史纲要】50. 1947年11月，在香港成立的中国民主党派是<br><br>A.中国民主同盟 <br>B.中国国民党革命委员会 <br>C.中国民主促进会 <br>D.中国农工民主党,B
【近代史纲要】51. 新中国发展国民经济的第一个五年计划规定，集中主要力量发展<br><br>A.重工业 <br>B.轻工业 <br>C.农业 <br>D.交通运输业,A
【近代史纲要】52. 毛泽东在《论十大关系》中提出的中国社会主义建设的基本方针是<br><br>A.不要四面出击 <br>B.调整.巩固.充实.提高 <br>C.积极引导.稳步前进 <br>D.调动一切积极因素为社会主义事业服务,D
【近代史纲要】53. “文化大革命”的导火线是<br><br>A.《评新编历史剧<海阔云空>》的发表 <br>B.上海“一月革命”夺权斗争 <br>C.围困中南海事件 <br>D.《炮打司令部---我的一张大字报》的发表,A
【近代史纲要】54. “文化大革命”结束的标志是<br><br>A.“一月风暴”的兴起 <br>B.林彪反革命集团的覆灭 <br>C.“天安门事件”的爆发 <br>D.江青反革命集团的垮台,D
【近代史纲要】55. 1964年，新中国取得重大科技成就<br><br>A.第一颗原子弹试验成功 <br>B.第一颗氢弹试验成功 <br>C.第一台万吨水压机试制成功 <br>D.第一颗人造卫星发射成功,A
【近代史纲要】56. 1949年6月，毛泽东发表的系统论述中国共产党建国主张的著作是<br><br>A.《新民主主义论》 <br>B.《目前形势和我们的任务》 <br>C.《论联合政府》 <br>D.<br>A.《论人民民主专政》,D
【近代史纲要】57. 1948年秋，中国人民解放军进行战略决战的第一个战役是<br><br>A.辽沈战役 <br>B.淮海战役 <br>C.平津战役 <br>D.渡江战役,A
【近代史纲要】58. 1951年底到1952年春，中国共产党在党政机关中开展的“三反”运动是<br><br>A.反贪污.反浪费.反官僚主义 <br>B.反主观主义.反宗派主义.反党八股 <br>C.反贪污.反受贿.反自由主义 <br>D.反浪费.反行贿.反形式主义,A
【近代史纲要】59. 1956年，在中共八大上提出“三个主体，三个补充”思想的是<br><br>A.陈云 <br>B.毛泽东 <br>C.周恩来 <br>D.邓小平,A
【近代史纲要】60. 新中国恢复在联合国合法席位的时间是<br><br>A.1949年 <br>B.1966年 <br>C.1971年 <br>D.1978年,C
【近代史纲要】61. 中共中央通过《关于建国以来党的若干历史问题的决议》的会议是<br><br>A.十一届三中全会 <br>B.十一届六中全会 <br>C.十二届三中全会 <br>D.十二届六中全会,B
【近代史纲要】62. 新中国第一颗人造地球卫星的成功发射是在<br><br>A.1964年10月 <br>B.1966年10月 <br>C.1967年4月 <br>D.1970年4月,D
【近代史纲要】63. 1978年，我国开展的一场马克思主义思想解放运动是<br><br>A.揭批“四人帮” <br>B.关于真理标准问题的大讨论 <br>C.平反冤假错案 <br>D.关于社会主义市场经济问题的大讨论,B
【近代史纲要】64. 中国共产党将“三个代表”重要思想作为党的指导思想写入党章是在<br><br>A.中共十四大 <br>B.中共十五大 <br>C.中共十六大 <br>D.中共十七大,C
【近代史纲要】65. 20世纪70年代，毛泽东.周恩来抓住时机发起了改善中美关系的<br><br>A.“篮球外交” <br>B.“乒乓外交” <br>C.“网球外交” <br>D.“围棋外交”,B
【近代史纲要】66. 中国共产党第一次比较系统地阐述社会主义初级阶段理论是在<br><br>A.中共十二大 <br>B.中共十三大 <br>C.中共十四大 <br>D.中共十五大,B
【近代史纲要】67. 1979年，邓小平在中央理论工作务虚会上首次明确提出，必须坚持<br><br>A.拨乱反正 <br>B.四项基本原则 <br>C.解放思想 <br>D.以经济建设为中心,B
【近代史纲要】68. 中共十三大比较系统地阐述了<br><br>A.社会主义本质 <br>B.社会主义市场经济理论 <br>C.社会主义初级阶段理论 <br>D.“三个有利于”标准的理论,C
【近代史纲要】69. 中国对香港恢复行使主权的时间是<br><br>A.1997年7月1日 <br>B.1997年12月20日 <br>C.1999年7月1日 <br>D.1999年12月20日,A
【近代史纲要】70. 中共十七大报告指出，我国社会主义现代化建设新时期最鲜明的特点是<br><br>A.与时俱进 <br>B.快速发展 <br>C.改革开放 <br>D.以人为本,C
【近代史纲要】71. 中国加入世界贸易组织的时间是<br><br>A.1999年12月 <br>B.2000年12月 <br>C.2001年12月 <br>D.2002年12月,C
【近代史纲要】72. 2005年3月，十届全国人大三次会议通过的法律是<br><br>A. 《反分裂国家法》 <br>B. 《国家安全法》 <br>C. 《香港特别行政区基本法》 <br>D. 《澳门特别行政区基本法》,A
"【近代史纲要】73. (1)认为万物都处于不断变化之中,且列宁将其称为辩证法的奠基人。<br><br>A.马克思 <br>B.恩格斯 <br>C.赫拉克利特 <br>D.奥古斯特",C
【近代史纲要】74. 生产力的三要素包括( )。<br><br>A.生产关系 <br>B.劳动者 <br>C.劳动工具 <br>D.劳动对象,B
"【近代史纲要】75. 党的基本路线的核心内容是一个中心两个基本点,其中“一个中心”是指以( )为中心。<br><br>A.政治建设 <br>B.制度建设 <br>C.经济建设 <br>D.社会建设",C
【近代史纲要】76. 中国特色社会主义最本质的特征是()。<br><br>A.密切联系群众 <br>B.军队建设 <br>C.中国共产党的领导 <br>D.武装力量,C
【近代史纲要】77. (1)审议通过《关于建国以来党的若干历史问题的决议》，肯定了毛泽东的历史地位和毛泽东思想。<br><br>A.党的十一届三中全会 <br>B.党的十一届六中全会 <br>C.党的十二大 <br>D.党的十四大,B
【近代史纲要】78. 毛泽东思想的最大原则是()。<br><br>A.理论联系实际 <br>B.武装斗争 <br>C.人民当家做主 <br>D.实事求是,D
【近代史纲要】79. 习近平新时代中国特色社会主义思想明确回答了()。<br><br>A.怎样建设社会主义 <br>B.怎样坚持和发展中国特色社会主义 <br>C.坚持和发展什么样的中国特色社会主义 <br>D.怎样建设党,B
【近代史纲要】80. 党的十九届四中全会提出的三个重大判断是()。<br><br>A.中国特色社会主义制度是党和人民在长期实践探索中所形成的科学制度体系 <br>B.我国国家治理一切工作和活动都是依照中国特色社会主义制度展开 <br>C.我国国家治理体系和治理能力已实现高度现代化 <br>D.我国国家治理体系和治理能力是中国特色社会主义制度及其执行能力的集中体现,A
"【近代史纲要】81. 在我国全面深化改革的总目标中,根本方向是()。<br><br>A.坚持中国共产党的领导 <br>B.坚持密切联系群众 <br>C.推进国家治理体系和治理能力现代化 <br>D.完善和发展中国特色社会主义制度",D
【近代史纲要】82. 近代以来实现中华民族伟大复兴的三大里程碑是()。<br><br>A.五四运动 <br>B.中国共产党建立 <br>C.中华人民共和国建立 <br>D.推进改革开放和中国特色社会主义事业,B
"【近代史纲要】83. 中国特色社会主义既坚持了科学社会主义的基本原则,又根据时代条件赋予了鲜明的中国特色。  答案:正确    84.毛泽东在自己的著作()中提出“没有调查就没有发言权”。<br><br>A. 《实践论》 <br>B. 《矛盾论》 <br>C. 《反对本本主义》 <br>D. 《论持久战》",C
【近代史纲要】85. 以下属于改革开放的成效是( )。<br><br>A.我国已成为国内生产总值世界排名第一的大国 <br>B.解决了中国千百年来存在的绝对贫困问题 <br>C.中国经济成为世界经济的发动机和稳定器 <br>D.解决了社会主义与市场经济结合的世界性难题,B
【近代史纲要】86. 中华民族伟大复兴的底气包括党的坚强领导.( )。<br><br>A.独特制度优势 <br>B.雄厚经济基础 <br>C.强大国防实力 <br>D.亿万人民勤劳智慧勇敢,A
【近代史纲要】87. ( )认为“现在世界上真正大的问题，带全球性的战略问题，一个是和平问题，一个是发展问题”。<br><br>A.毛泽东 <br>B.叶剑英 <br>C.邓小平 <br>D.周恩来,C
【近代史纲要】88. 以下关于《实践是检验真理的唯一标准》一文的重要观点，说法正确的是( )。<br><br>A.检验真理的标准只能是社会实践 <br>B.理论与实践的统一，是马克思主义的一个最基本的原则 <br>C.革命导师是坚持用实践检验真理的榜样 <br>D.任何理论都要不断接受实际的检验,A
【近代史纲要】89. 1978年12月13日在中央工作会议的闭幕式上，邓小平发表( )讲话。<br><br>A.《坚持四项基本原则》 <br>B. 《解放思想，实事求是，团结一致向前看》 <br>C. 《团结起来，为建设社会主义的现代化强国而奋斗》 <br>D. 《关于建国以来党的若干历史问题的决议》,B
【近代史纲要】90. 以下属于党的十一届三中全会的重大决策的是( )。<br><br>A.将全党全国的工作中心转移到社会主义现代化建设上 <br>B.重新确立了马克思主义的实事求是的思想路线 <br>C.实行改革开放的历史性决策 <br>D.提出了健全法制,A
【近代史纲要】56. 对于“改革对于社会主义体制来说是革命”，以下理解正确的是( )。<br><br>A.生产力方面发生的技术上的重大改革，由此引起的制度.组织上的重大改革 <br>B.解放生产力，扫除发展社会生产力的障碍 <br>C.改革具有广泛性和深刻性，艰巨性和复杂性 <br>D.科学地表达了革命在社会主义和平发展时期的主要内容和基本特征 ABCD 91.( )总的精神就是要解放思想，实事求是，放宽政策，进行改革，搞活经济。 <br>A.党的十四届四中全会 <br>B.党的十一届三中全会 <br>C.党的十二大 <br>D.党的十四大,B
【近代史纲要】92. 1980年5月，中共中央和国务院批转《关于广东.福建两省会议纪要》，决定在( )各划出一定范围的区域，试办经济特区。<br><br>A.深圳 <br>B.珠海 <br>C.汕头 <br>D.厦门,A
【近代史纲要】93. 邓小平指出，在中国社会主义现代化建设的过程中，必须在思想上始终坚持四项基本原则，即必须坚持( )。<br><br>A.坚持社会主义道路 <br>B.坚持人民民主专政 <br>C.坚持中国共产党的领导 <br>D.坚持马列主义毛泽东思想,A
【近代史纲要】94. (1)问题是当代世界经济最核心的问题和集中体现。<br><br>A.和平 <br>B.贸易 <br>C.金融 <br>D.发展,D
【近代史纲要】95. 社会主义初级阶段的最根本任务就是( )。<br><br>A.发展生产力 <br>B.建设精神文明 <br>C.文化体制改革 <br>D.政治体制改革,A
"【近代史纲要】96. (1)年,我国恢复高考制度。<br><br>A.1966 <br>B.1976 <br>C.1977 <br>D.1978",C
"【近代史纲要】97. 温元凯建议恢复高考且提出了十六字方针。经过邓小平的调整,最终高考的方针被确定为( )。<br><br>A.自愿报名 <br>B.领导批准 <br>C.公平考试 <br>D.择优录取",A
【近代史纲要】98. 社会主义初级阶段的科学内涵是()。<br><br>A.我国正在进行社会主义革命 <br>B.我国社会已经是社会主义社会 <br>C.我国的社会主义社会还处在初级阶段 <br>D.我国的生产力水平已经超越了社会主义初级阶段,B
【近代史纲要】99. 苏联解体给我们最大的启示是()。<br><br>A.必须优先发展重工业 <br>B.必须建立高度集中的政治体制 <br>C.必须坚持计划经济 <br>D.必须坚持社会主义道路,D
【近代史纲要】100. 1992年1月18日至2月21日，改革开放的总设计师邓小平前往()视察，沿途发表了重要讲话，从理论上深刻回答了长期困扰和束缚人们思想的许多重大认识问题。<br><br>A.武昌 <br>B.深圳 <br>C.珠海 <br>D.上海,A
【近代史纲要】101. (1)正式提出了“建设有中国特色的社会主义”的新命题。<br><br>A.党的十一届三中全会 <br>B.党的十二大 <br>C.党的十三大 <br>D.党的十四大,B
"【近代史纲要】102. (1)年,香港顺利回归祖国母亲的怀抱。<br><br>A.1991 <br>B.1992 <br>C.1997 <br>D.1999",C
"【近代史纲要】103. (1)年12月20日,中国政府恢复对澳门行使主权。<br><br>A.1991 <br>B.1992 <br>C.1997 <br>D.1999",D
"【近代史纲要】104. 关于社会主义的观点,以下说法正确的是( )。<br><br>A.两极分化不是社会主义 <br>B.贫穷不是社会主义 <br>C.没有民主与法制不是社会主义 <br>D.没有先进的道德文化不是社会主义",A
【近代史纲要】105. “三个代表”重要思想是指中国共产党必须始终( )。<br><br>A.代表特权阶级的利益 <br>B.代表中国先进生产力的发展要求 <br>C.代表中国先进文化的前进方向 <br>D.代表中国最广大人民的根本利益,B
"【近代史纲要】106. “三个代表”重要思想的提出之所以是新世纪改革开放的创新理论,是由于( )。<br><br>A.“三个代表”重要思想的产生源于国际局势的新变化 <br>B.“三个代表”重要思想的产生源于新世纪国内工作的新发展 <br>C.“三个代表”重要思想的产生源于马克思主义具有与时俱进的理论品质 <br>D.“三个代表”重要思想代表了全世界所有政党的价值取向",A
【近代史纲要】107. (1)被西方人称为“历史之父”，并首次提出“民主”这一概念。<br><br>A.柏拉图 <br>B.希罗多德 <br>C.亚里士多德 <br>D.苏格拉底,B
【近代史纲要】108. 80年代末90年代初，我国面临的错综复杂的国际局势是( )。<br><br>A.东欧各国长期执政的共产党先后失去执政地位 <br>B.苏联解体 <br>C.社会主义阵营不复存在 <br>D.东西方冷战格局宣告结束,A
【近代史纲要】109. 党的基本路线的核心内容“一个中心.两个基本点”，其中“两个基本点”是指( )。<br><br>A.坚持四项基本原则 <br>B.坚持从严治党 <br>C.坚持改革开放 <br>D.坚持依法治国,A
【近代史纲要】110. 人类社会是一个由低级到高级的发展进化过程，促成这种变化发展的根本动因是( )。<br><br>A.经济发展 <br>B.科技发展 <br>C.社会基本矛盾运动 <br>D.社会体制建立,C
"【近代史纲要】111. 我国古代思想家(1)渴望建立“老吾老以及人之老,幼吾幼以及人之幼”的理想社会。<br><br>A.韩非子 <br>B.荀子 <br>C.老子 <br>D.孟子",D
【近代史纲要】112. (1)的发表标志着马克思主义的诞生。<br><br>A. 《共产党宣言》 <br>B. 《资本论》 <br>C. 《法兰西内战》 <br>D. 《反杜林论》,A
【近代史纲要】113. 十月革命胜利的意义包括(1)。<br><br>A.促使世界从资本主义向社会主义过渡 <br>B.实现科学社会主义从理论到现实的转变 <br>C.标志着人类历史进入到社会主义新时期 <br>D.鼓舞了世界上的无产阶级和被压迫民族的斗争信心,A
【近代史纲要】114. 中国民主同盟的创建者和领导者是(1)。<br><br>A.宋庆龄 <br>B.张澜 <br>C.李济深 <br>D.黄炎培,B
【近代史纲要】115. 被称为新中国的“立国之战”是()战役。<br><br>A.辽沈战役 <br>B.平津战役 <br>C.淮海战役 <br>D.抗美援朝,D
【近代史纲要】116. 中国共产党的两次伟大转折是()。<br><br>A.秋收起义 <br>B.建立井冈山革命根据地 <br>C.遵义会议 <br>D.党的十一届三中全会,C
"【近代史纲要】117. (1)作为我国立国之本,是我国一切进步和发展的基础。<br><br>A.经济建设 <br>B.改革开放 <br>C.文化建设 <br>D.四项基本原则",D
"【近代史纲要】118. (1)年,我国第一颗原子弹爆炸成功。<br><br>A.1948 <br>B.1952 <br>C.1964 <br>D.1978",C
【近代史纲要】119. “三大空想社会主义者”包括()。<br><br>A.圣西门 <br>B.傅立叶 <br>C.马克思 <br>D.欧文,A
【近代史纲要】120. 社会主义社会意指( )，是以多数人的利益为追求的社会理想。<br><br>A.联合 <br>B.剥削 <br>C.共享 <br>D.专制,A
【近代史纲要】121. 空想社会主义者认为人类社会的发展是一个有规律的前进的过程。   答案:正确    122.没有中华文化繁荣兴盛，就没有中华民族伟大复兴。   答案:正确    123.资本主义比封建主义进步的地方主要表现在( )。<br><br>A.资产阶级具有普选制 <br>B.资产阶级非常注重实现社会公平均等 <br>C.资产阶级议会民主代替了封建制度的专制 <br>D.资产阶级的人权代替了封建制度的皇权和宗教的神权,A
【近代史纲要】124. 社会发展社会形态的变迁是历史发展的客观产物。   答案:正确    125.“哪里有压迫，哪里就有反抗。哪里的压迫越深重，哪里的反抗越激烈”是( )的名言。<br><br>A.恩格斯 <br>B.邓小平 <br>C.马克思 <br>D.毛泽东,D
【近代史纲要】126. 下列各项中，属于《共产党宣言》的理论原理的是( )。<br><br>A.历史唯心主义 <br>B.历史唯物主义 <br>C.神秘主义 <br>D.空想社会主义,B
【近代史纲要】127. 洋务运动是19世纪60年代到90年代晚清洋务派以( )为口号所进行的一场挽救晚清统治的自救运动。<br><br>A.“科学” <br>B.“自强” <br>C.“民主” <br>D.“求富”,B
【近代史纲要】128. 中国的第一位马克思主义者是( )。<br><br>A.陈独秀 <br>B.毛泽东 <br>C.蔡元培 <br>D.李大钊,D
【近代史纲要】129. 李大钊所著的( )是第一次向中国人民系统地介绍马克思主义学说。<br><br>A.《庶民的胜利》 <br>B.《法俄革命之比较观》 <br>C.《我的马克思主义观》 <br>D.《布尔什维克主义的胜利》,C
【近代史纲要】130. 在党的建设初期，陈独秀.李大钊先后在( )建立共产主义小组。<br><br>A.武汉 <br>B.深圳 <br>C.北京 <br>D.上海,C
【近代史纲要】131. 新民主主义革命“新”在( )。<br><br>A.新的中国国情--建设社会主义现代化国家 <br>B.新的革命领导力量--共产党 <br>C.新的革命依靠力量--工农大众 <br>D.新的革命前途--建立社会主义制度,B
【近代史纲要】132. “三大改造”的对象包括( )。<br><br>A.旅游业 <br>B.农业 <br>C.手工业 <br>D.资本主义工商业,B
【近代史纲要】133. 党的十一届三中全会以后，以邓小平为核心的党中央进一步科学回答了( )重大理论问题。<br><br>A.怎样建设党 <br>B.什么是社会主义 <br>C.实现什么样的发展 <br>D.怎样建设社会主义,B
【近代史纲要】134. ( )是世界上第一个研发出超级计算机的发展中国家。<br><br>A.美国 <br>B.中国 <br>C.德国 <br>D.日本,B
【近代史纲要】135. “两弹一星”中的“一星”是指()。<br><br>A.人造地球卫星 <br>B.航天飞机 <br>C.空间站 <br>D.空间探测器,A
"【近代史纲要】136. 社会主义的本质是解放生产力.发展生产力,消灭剥削消除两极分化,最终达到共同富裕。   答案:正确    137.中国特色社会主义制度是当代中国发展进步的根本制度保障。   答案:正确    138.简述伟大建党精神的内涵。   答案:坚持真理;坚守理想;践行初心;担当使命;不怕牺牲;英勇斗争;忠诚于党;不负人民。    139.1949年10月1日,开国大典在天安门广场隆重举行,三十万人参加庆典,()向世界庄严宣布“中华人民共和国中央人民政府今天成立了!”<br><br>A.毛泽东 <br>B.周恩来 <br>C.刘少奇 <br>D.朱德",A
【近代史纲要】140. 开国大典是在什么时候举行的?<br><br>A.1949年10月1日上午9时 <br>B.1949年10月1日上午10时 <br>C.1949年10月1日下午2时 <br>D.1949年10月1日下午3时,D
"【近代史纲要】141. 以下关于抗美援朝战争历史背景的说法,正确的有( )。<br><br>A.我国正面临着巩固政权.恢复经济的紧要任务 <br>B.朝鲜内战突然爆发 <br>C.美国政府派遣第七舰队侵入台湾海峡 <br>D.联合国军越过三八线,直逼鸭绿江",A
【近代史纲要】142. ( )是抗美援朝精神的重要组成部分。<br><br>A.爱国主义精神 <br>B.革命乐观主义精神 <br>C.革命忠诚精神 <br>D.革命英雄主义精神,A
"【近代史纲要】143. 1954年,( )全线通车。<br><br>A.川藏公路 <br>B.川藏铁路 <br>C.青藏公路 <br>D.青藏铁路",A
【近代史纲要】144. “老西藏精神”包括以下（ ）。<br><br>A.特别能吃苦 <br>B.特别能忍耐 <br>C.特别能战斗 <br>D.特别能团结,A
【近代史纲要】145. 我国 50 年代的院系调整将全国高等院校院系设置调整为何种式样？<br><br>A.效仿英式 <br>B.效仿法式 <br>C.效仿美式 <br>D.效仿苏联式,D
【近代史纲要】146. 《共同纲领》是何时颁布的？<br><br>A.1949 年 <br>B.1950 年 <br>C.1951 年 <br>D.1952 年,A
【近代史纲要】147. “五四宪法”确立的我国根本政治制度是（ ）。<br><br>A.人民代表大会制度 <br>B.社会主义制度 <br>C.政治协商制度 <br>D.民族区域自治制度,A
【近代史纲要】148. 我国首个国家宪法日是（ ）。<br><br>A.2011年12月4日 <br>B.2012年12月4日 <br>C.2013年12月4日 <br>D.2014年12月4日,D
【近代史纲要】149. 中国从（ ）起具备了自主批量生产汽车的能力。<br><br>A.1949年 <br>B.1953年 <br>C.1956年 <br>D.1957年,C
【近代史纲要】150. “十四五”规划自（ ）起开始实施。<br><br>A.2019年 <br>B.2020年 <br>C.2021年 <br>D.2022年,C
【近代史纲要】151. “三大改造”具体指( )。<br><br>A.农业 <br>B.手工业 <br>C.重工业 <br>D.资本主义工商业,A
【近代史纲要】152. “一五”计划的主要任务是( )。<br><br>A.加速推进三线建设 <br>B.加速推进社会主义市场经济发展 <br>C.集中力量进行工业化建设 <br>D.加快推进经济领域的社会主义改造,C
【近代史纲要】153. 我国第一颗原子弹爆炸成功的时间是( )。<br><br>A.1970年4月24日 <br>B.1967年6月17日 <br>C.1964年10月16日 <br>D.2003年10月15日,C
【近代史纲要】154. “两弹一星”指的是( )。<br><br>A.核弹 <br>B.导弹 <br>C.人造卫星 <br>D.火箭弹,A
【近代史纲要】155. 以下( )不是国际上衡量一个国家居民健康水平的主要指标。<br><br>A.人均预期寿命 <br>B.婴儿死亡率 <br>C.婴儿出生率 <br>D.孕产妇死亡率,C
"【近代史纲要】156. 《七律二首》送瘟神》是毛主席诗词中唯一以民生.医疗为主题的作品,这首诗的创作背景源自江西省余江县消灭了( )这一危害中华民族千百年的疾病。<br><br>A.血吸虫病 <br>B.疟疾 <br>C.丝虫病 <br>D.黑热病",A
"【近代史纲要】157. 我国始终以人民健康为中心,必须始终把人民生命安全和身体健康摆在首要位置的重要原因包括( )。<br><br>A.健康是促进人的全面发展的必然要求 <br>B.健康是经济社会发展的基础条件 <br>C.健康是广大人民群众的共同追求 <br>D.健康是是民族昌盛和国家富强的重要标志",A
【近代史纲要】158. 周恩来总理曾自豪地告诉国际友人:“新中国有两大奇迹，一个是南京长江大桥，一个是（ ）。”<br><br>A.武汉长江大桥 <br>B.佛子岭大坝 <br>C.林县红旗渠 <br>D.成渝铁路,C
【近代史纲要】159. 红旗渠精神包括（ ）。<br><br>A.自力更生 <br>B.艰苦创业 <br>C.团结协作 <br>D.无私奉献,A
【近代史纲要】160. 焦裕禄同志最后工作的地方是（ ）。<br><br>A.山东淄博 <br>B.河南兰考 <br>C.河南许昌 <br>D.山东临沂,B
【近代史纲要】161. 1919年，27个战胜国参加的（ ）召开，在此会议上，中国外交失败消息传到国内后促使五四运动的爆发。<br><br>A.华盛顿会议 <br>B.慕尼黑会议 <br>C.万隆会议 <br>D.巴黎和会,D
【近代史纲要】162. 抗日战争全面爆发后，全国出现了知识青年奔赴( )的热潮。<br><br>A. 北平 <br>B. 延安 <br>C. 南京 <br>D. 西安,B
【近代史纲要】163. 中国共产党在下列哪次会议中确立抗日民族统一战线政策？( )<br><br>A. 洛川会议 <br>B. 遵义会议 <br>C. 瓦窑堡会议 <br>D. 八七会议,C
【近代史纲要】164. 抗战后，全国各地的知识青年是通过哪些途径来到延安的？( )<br><br>A. 由八路军办事处介绍而来 <br>B. 通过中国共产党直接邀请而来 <br>C. 看到报刊上根据地学校的招生简章而来 <br>D. 由进步的社会名人介绍而来,A
【近代史纲要】165. 1945年日本宣布无条件投降的日期是哪一天？( )<br><br>A. 3月15日 <br>B. 6月15日 <br>C. 7月15日 <br>D. 8月15日,D
【近代史纲要】167. 1938年，毛泽东同志撰写了( )一文，以抨击国内速胜论和亡国论的观点。<br><br>A. 《反对日本进攻的方针.办法和前途》 <br>B. 《实践论》 <br>C. 《论持久战》 <br>D. 《论联合政府》,C
"【近代史纲要】168. 下列哪一项是革命英雄夏明翰就义前说的话?()<br><br>A. “砍头不要紧,只要主义真” <br>B. “为苏维埃新中国流尽最后一滴血” <br>C. “努力到死,奋斗到死” <br>D. “共产党员是杀不绝的,革命烈火是扑不灭的”",A
"【近代史纲要】169. 周恩来.贺龙.叶挺.朱德.刘伯承等领导两万多名起义将士,打响了具有划时代意义的第一枪,这描述的是()。<br><br>A. 秋收起义 <br>B. 百色起义 <br>C. 南昌起义 <br>D. 黄花岗起义",C
"【近代史纲要】170. 在二十世纪初期,()给中国送来了马克思列宁主义。<br><br>A. 资产阶级革命 <br>B. 五四运动 <br>C. 俄国十月革命 <br>D. 新文化运动",C
"【近代史纲要】171. 1919年,毛泽东在湖南主编(),推动了马克思主义的传播。<br><br>A. 《新报》 <br>B. 《人民日报》 <br>C. 《湘江评论》 <br>D. 《新青年》",C
【近代史纲要】172. “世界潮流，浩浩荡荡，顺之则昌，逆之则亡。”出自哪位革命家？( )<br><br>A.毛泽东 <br>B.蒋介石 <br>C.周恩来 <br>D.孙中山,D
【近代史纲要】173. 历史唯物主义认为“历史的创造者”是谁？( )<br><br>A.知识分子 <br>B.时代英雄 <br>C.人民群众 <br>D.帝王诸侯,C
【近代史纲要】174. 中国共产党在哪一年陷入被瓦解和消灭的严重危险之中？( )<br><br>A.1922年 <br>B.1924年 <br>C.1927年 <br>D.1931年,C
【近代史纲要】175. 从下列哪次会议的召开，开始确立以毛泽东同志为代表的马克思主义正确路线在中共中央的领导地位，挽救了党，挽救了红军，挽救了革命？( )<br><br>A.沪定会议 <br>B.遵义会议 <br>C.黎平会议 <br>D.两河口会议,B
【近代史纲要】176. 革命纪念圣地“雨花台”位于哪座城市？( )<br><br>A.杭州 <br>B.苏州 <br>C.北京 <br>D.南京,D
【近代史纲要】177. 革命烈士顾衡于哪一年加入中国共产党?()<br><br>A.1928 <br>B.1929 <br>C.1930 <br>D.1934,C
【近代史纲要】178. 最先对洋务运动的指导思想做出比较完整表述的是<br><br>A.冯桂芬 <br>B.薛福成 <br>C.曾国藩 <br>D.张之洞,A
【近代史纲要】179. 洋务运动时期兴办的第一个规模较大的兵工厂是<br><br>A.马尾船政局 <br>B.金陵机器局 <br>C.天津机器局 <br>D.江南制造总局,D
【近代史纲要】180. 戊戌维新时期，梁启超曾任主笔的报纸是<br><br>A.《时务报》 <br>B.《万国公报》 <br>C.《国闻报》 <br>D. 《湘报》,A
【近代史纲要】181. 1898年3月，张之洞发表的对抗维新变法的代表作是<br><br>A. 《新学伪经考》 <br>B. 《孔子改制考》 <br>C. 《人类公理》 <br>D. 《劝学篇》,D
【近代史纲要】182. 20世纪初，在民主革命思想传播中发表《警世钟》的是<br><br>A. 章炳麟 <br>B. 邹容 <br>C. 陈天华 <br>D. 孙中山,C
【近代史纲要】183. 太平天国农民起义爆发的时间是<br><br>A. 1851年 <br>B. 1853年 <br>C. 1856年 <br>D. 1864年,A
【近代史纲要】184. 太平天国由盛而衰的转折点是<br><br>A. 永安建制 <br>B. 北伐失利 <br>C. 天京事变 <br>D. 洪秀全病逝,C
【近代史纲要】185. 洋务运动时期最早创办的翻译学堂是<br><br>A.同文馆 <br>B.广方言馆 <br>C.译书局 <br>D.译书馆,A
【近代史纲要】186. 戊戌维新时期，维新派在上海创办的影响较大的报刊是<br><br>A. 《时务报》 <br>B. 《国闻报》 <br>C. 《湘报》 <br>D. 《万国公报》,A
【近代史纲要】187. 魏源在1843年编著的《海国图志》中提出的重要思想是<br><br>A. 中学为体.西学为用 <br>B. 物竞天择.适者生存 <br>C. 救亡图存 <br>D. 师夷长技以制夷,D
【近代史纲要】188. 太平天国在1853年颁布的纲领性文件是<br><br>A. 《十款天条》 <br>B. 《原道觉世训》 <br>C. 《天朝田亩制度》 <br>D. 《资政新篇》,C
【近代史纲要】189. 19世纪60年代，洋务派最早从事的洋务事业是<br><br>A. 举办民用工业 <br>B. 创立新式学堂 <br>C.派遣留学生 <br>D.开设军用工业,D
【近代史纲要】190. 在中国近代史上，资产阶级思想与封建主义思想的第一次正面交锋是<br><br>A.维新派与守旧派的论战 <br>B.洋务派与维新派的论战 <br>C.革命派与改良派的论战 <br>D.洋务派与顽固派的论战,A
【近代史纲要】191. 中国近代史上第一个具有资本主义色彩的改革方案是<br><br>A. 《海国图志》 <br>B. 《救亡决论》 <br>C. 《天朝田亩制度》 <br>D. 《资政新篇》,D
【近代史纲要】192. 19世纪60年代到90年代，洋务派兴办洋务事业的指导思想是<br><br>A. 师夷长技以制夷 <br>B. 中学为体，西学为用 <br>C. 物竞天择，适者生存 <br>D. 变法维新，救亡图存,B
【近代史纲要】193. 严复1898年翻译出版的《天演论》所宣传的思想是<br><br>A. 师夷长技以制夷 <br>B. 中学为体，西学为用 <br>C. 振兴中华 <br>D. 物竞天择，适者生存,D
【近代史纲要】194. 洋务派建成的新式海军中的主力是<br><br>A.福建水师 <br>B.广东水师 <br>C.南洋水师 <br>D.北洋水师,D
【近代史纲要】195. 1861年，清政府设立的掌管洋务的机关是<br><br>A.江南制造总局 <br>B.京师同文馆 <br>C.总理各国事务衙门 <br>D.外务部,C
【近代史纲要】196. 19世纪末，梁启超撰写的宣传变法维新主张的著作是<br><br>A. 《新学伪经考》 <br>B. 《人类公理》 <br>C. 《仁学》 <br>D. 《变法通义》,D
【近代史纲要】197. 1904年至1905年，为了争夺在华利益而在中国东北进行战争的帝国主义国家是<br><br>A.美国与俄国 <br>B.美国与英国 <br>C.英国与日本 <br>D.日本与俄国,D
【近代史纲要】199. 20世纪初，在民主革命思想传播中发表《驳康有为论革命书》的是<br><br>A.邹容 <br>B.章炳麟 <br>C.陈天华 <br>D.严复,B
【近代史纲要】200. 近代中国历史上第一个全国性的资产阶级革命政党是<br><br>A.兴中会 <br>B.中国同盟会 <br>C.中华革命党 <br>D.中国国民党,B
【近代史纲要】201. 武昌起义前夕，在保路运动中规模最大.斗争最激烈的省份是<br><br>A.湖南 <br>B.湖北 <br>C.广东 <br>D.四川,D
【近代史纲要】202. 中国历史上第一部具有资产阶级共和国宪法性质的法典是<br><br>A. 《中华民国宪法》 <br>B. 《钦定宪法大纲》 <br>C. 《中华民国约法》 <br>D. 《中华民国临时约法》,D
【近代史纲要】203. 武昌起义胜利后被推举为湖北军政府都督的是<br><br>A.黄兴 <br>B.黎元洪 <br>C.孙中山 <br>D.章太炎,B
【近代史纲要】204. 1894年，孙中山在檀香山建立的资产阶级革命组织是<br><br>A.兴中会 <br>B.华兴会 <br>C.光复会 <br>D.岳王会,A
【近代史纲要】205. 1905年，中国同盟会成立后的机关报是<br><br>A. 《时务报》 <br>B. 《国闻报》 <br>C. 《新民丛报》 <br>D. 《民报》,D
【近代史纲要】206. 1911年夏，湖北.湖南.广东和四川爆发的民众运动是<br><br>A. 拒俄运动 <br>B. 拒法运动 <br>C. 保路运动 <br>D. 立宪运动,C
【近代史纲要】207. 1911年10月，资产阶级革命派发动了将辛亥革命推向高潮的<br><br>A. 惠州起义 <br>B. 河口起义 <br>C. 广州起义 <br>D. 武昌起义,D
【近代史纲要】208. 标志着中国民族资产阶级开始登上政治舞台的运动是<br><br>A. 洋务运动 <br>B. 戊戌维新运动 <br>C.国会请愿运动 <br>D.保路运动,B
【近代史纲要】209. 1905年至1907年，资产阶级革命派与改良派论战的焦点是<br><br>A.要不要打倒列强 <br>B.要不要实行共和 <br>C.要不要以革命手段推翻清政府 <br>D.要不要废科举，兴学堂,C
【近代史纲要】210. 中国资产阶级领导的旧民主主义革命终结的标志是<br><br>A.二次革命的失败 <br>B.护国运动的失败 <br>C.第一次护法运动的失败 <br>D.第二次护法运动的失败,D
【近代史纲要】211. 1920年8月，陈独秀等领导建立的中国最早的地方共产党组织是<br><br>A.北京共产主义小组 <br>B.上海共产主义小组 <br>C.武汉共产主义小组 <br>D.广州共产主义小组,B
【近代史纲要】212. 1919年，发表《我的马克思主义观》一文的是<br><br>A.陈独秀 <br>B.李大钊 <br>C.蔡和森 <br>D.杨匏安,B
【近代史纲要】213. 1923年2月，中国共产党领导的工人罢工斗争是<br><br>A.香港海员罢工 <br>B.安源路矿工人罢工 <br>C.京汉铁路工人罢工 <br>D.省港工人罢工,C
【近代史纲要】214. 中国共产党确定第一次国共合作和建立革命统一战线方针的会议是<br><br>A.中共三大 <br>B.中共四大 <br>C.中共五大 <br>D.中共六大,A
【近代史纲要】215. 1915年9月在上海创办《青年》杂志的是<br><br>A.胡适 <br>B.鲁迅 <br>C.李大钊 <br>D.陈独秀,D
【近代史纲要】216. 中国新民主主义革命的伟大开端是<br><br>A.戊戌变法运动 <br>B.保路运动 <br>C.新文化运动 <br>D.五四运动,D
【近代史纲要】217. 1922年召开的中共二大第一次明确提出了<br><br>A.实现共产主义的最高纲领 <br>B.新民主主义革命总路线 <br>C.反帝反封建的民主革命纲领 <br>D.土地革命总路线,C
【近代史纲要】218. 中国共产党领导的中国工人运动第一个高潮的起点是<br><br>A.香港海员罢工 <br>B.安源路矿工人罢工 <br>C.京汉铁路工人罢工 <br>D.省港工人罢工,A
【近代史纲要】219. 第一次国共合作的政治基础是<br><br>A.三民主义 <br>B.新三民主义 <br>C.新民主主义 <br>D.社会主义,B
【近代史纲要】220. 在俄国十月革命影响下，中国率先举起马克思主义旗帜的是<br><br>A.陈独秀 <br>B.李大钊 <br>C.陈望道 <br>D.毛泽东,B
【近代史纲要】221. 1921年8月，中国共产党成立的领导工人运动的专门机关是<br><br>A.职工运动委员会 <br>B.中国劳动组合书记部 <br>C.中华全国总工会 <br>D.省港罢工委员会,B
【近代史纲要】222. 1924年，国民革命统一战线正式形成的标志是<br><br>A.中国国民党一大的召开 <br>B.中国国民党二大的召开 <br>C.中国共产党三大的召开 <br>D.中国共产党四大的召开,A
【近代史纲要】223. 1920年，陈独秀等建立的中国共产党早期组织是<br><br>A.北京共产主义小组 <br>B.上海共产主义小组 <br>C.武汉共产主义小组 <br>D.广州共产主义小组,B
【近代史纲要】224. 新文化运动的主要内容是<br><br>A.提倡民主和科学 <br>B.宣传俄国十月革命 <br>C.主张社会革命 <br>D.反对外来侵略,A
【近代史纲要】225. 1918年5月，鲁迅发表的第一篇白话文小说是<br><br>A. 《阿Q正传》 <br>B. 《狂人日记》 <br>C. 《药》 <br>D. 《孔乙己》,B
【近代史纲要】226. 中国新民主主义革命的开端是<br><br>A.五卅运动 <br>B.五四运动 <br>C.一二一运动 <br>D.一二二九运动,B
【近代史纲要】227. 1920年10月，李大钊发起成立的中国共产党早期组织是<br><br>A.上海共产主义小组 <br>B.武汉共产主义小组 <br>C.北京共产主义小组 <br>D.广州共产主义小组,C
【近代史纲要】228. 中国共产党领导建立的第一个农民协会是在<br><br>A.浙江省萧山县 <br>B.广东省海丰县 <br>C.福建省上杭县 <br>D.湖南省湘潭县,A
【近代史纲要】229. 五四运动爆发的直接导火线是<br><br>A.北洋军阀接受日本提出的“二十一条” <br>B.北洋军阀与日本签订“西原借款”合同 <br>C.巴黎和会上中国外交的失败 <br>D.华盛顿会议上中国外交的受挫,C
【近代史纲要】230. 1924年11月，出任黄埔军校政治部主任是<br><br>A.周恩来 <br>B.廖仲恺 <br>C.邓演达 <br>D.聂荣臻,A
【近代史纲要】231. 1925年至1926年间，中国工人坚持16个月之久的罢工斗争是<br><br>A.香港海员罢工 <br>B.安源路矿工人罢工 <br>C.京汉铁路工人罢工 <br>D.省港罢工,D
【近代史纲要】232. 1928年12月，在东北宣布“改易旗帜”，归顺南京国民政府的是<br><br>A.孙传芳 <br>B.张学良 <br>C.吴佩孚 <br>D.张作霖,B
【近代史纲要】233. 1928年，毛泽东主持制定的中国共产党历史上第一个土地法是<br><br>A. 《井冈山土地法》 <br>B. 《兴国土地法》 <br>C. 《关于清算.减租及土地问题的指示》 <br>D. 《中国土地法大纲》,A
【近代史纲要】234. 1927年毛泽东在中共八七会议上提出的著名论断是<br><br>A. “须知政权是由枪杆子中取得的” <br>B. “没有调查就没有发言权” <br>C. “兵民是胜利之本” <br>D. “一切反动派都是纸老虎”,A
【近代史纲要】235. 从1930年到1931年，红一方面军在三次反“围剿”斗争胜利的基础上开辟了<br><br>A.鄂豫皖革命根据地 <br>B.左右江革命根据地 <br>C.湘鄂西革命根据地 <br>D.中央革命根据地,D
【近代史纲要】236. 1931年11月当选为中华苏维埃共和国临时中央政府主席的是<br><br>A.毛泽东 <br>B.周恩来 <br>C.张国焘 <br>D.王稼祥,A
【近代史纲要】237. 《义勇军进行曲》的词作者是<br><br>A.田汉 <br>B.聂耳 <br>C.鲁迅 <br>D.瞿秋白,A
【近代史纲要】238. 1927年，中共八七会议确定的总方针是<br><br>A.推翻北洋军阀的黑暗统治 <br>B.开辟农村革命根据地 <br>C.开展土地革命和武装反抗国民党反动派 <br>D.建立工农民主统一战线,C
【近代史纲要】239. 中国共产党独立领导革命战争和创建人民军队的开端是<br><br>A.秋收起义 <br>B.南昌起义 <br>C.平江起义 <br>D.广州起义,B
【近代史纲要】240. 1930年1月，毛泽东进一步阐述农村包围城市.武装夺取政权理论的文章是<br><br>A. 《中国的红色政权为什么能够存在》 <br>B. 《星星之火，可以燎原》 <br>C. 《井冈山的斗争》 <br>D. 《中国革命战争的战略问题》,B
【近代史纲要】241. 1930年成立的中国国民党临时行动委员会(又称第三党)，其主要领导人是<br><br>A. 梁漱溟 <br>B. 黄炎培 <br>C. 张君劢 <br>D. 邓演达,D
【近代史纲要】242. 1936年10月，中国工农红军第一.二.四方面军胜利会师于<br><br>A. 陕北保安地区 <br>B. 陕北洛川地区 <br>C. 陕北瓦窑堡地区 <br>D. 甘肃会宁.静宁地区,D
【近代史纲要】243. 遵义会议后，中共中央政治局成立了新的三人团负责红军的军事行动，其成员是<br><br>A. 毛泽东.朱德.周恩来 <br>B. 毛泽东.朱德.王稼祥 <br>C. 毛泽东.周恩来.王稼祥 <br>D. 毛泽东.张闻天.周恩来,C
【近代史纲要】244. 1927年，蒋介石在上海制造了捕杀共产党员和革命群众的<br><br>A. 中山舰事件 <br>B. 整理党务案 <br>C.四一二政变 <br>D.七一五政变,C
【近代史纲要】245. 1931年1月至1935年1月，中国共产党内出现的主要错误倾向是<br><br>A. “左”倾盲动主义 <br>B. “左”倾教条主义 <br>C.右倾保守主义 <br>D.右倾投降主义,B
【近代史纲要】246. 1931年，日本帝国主义制造了侵略中国的<br><br>A.九一八事变 <br>B.一二八事变 <br>C.华北事变 <br>D.卢沟桥事变,A
【近代史纲要】247. 1927年，汪精卫在武汉制造了屠杀共产党人和革命群众的<br><br>A.中山舰事件 <br>B.整理党务案事件 <br>C.四一二事变 <br>D.七一五事变,D
【近代史纲要】248. 抗日战争进入相持阶段后，日本帝国主义对国民党政府采取的政策是<br><br>A.以军事打击为主，政治诱降为辅 <br>B.以政治诱降为主，军事打击为辅 <br>C.军事打击和政治诱降并重 <br>D.速战速决，武力征服,B
【近代史纲要】249. 1935年1月，中国共产党在红军长征途中召开了具有历史转折意义的<br><br>A.古田会议 <br>B.遵义会议 <br>C.两河口会议 <br>D.瓦窑堡会议,B
【近代史纲要】250. 1934年中国工农红军第五次反“围剿”斗争失败后，率先开始战略转移的是<br><br>A.红十五军团 <br>B.红一方面军 <br>C.红二方面军 <br>D.红四方面军,B
【近代史纲要】251. 1935年1月，中国共产党在遵义会议上解决的主要问题是<br><br>A.军事和组织问题 <br>B.思想和作风问题 <br>C.政治和军事问题 <br>D.筹款和征兵问题,A
【近代史纲要】252. 1933年11月，国民党爱国将领蔡廷锴和蒋光鼐发动了抗日反蒋的<br><br>A.北京事变 <br>B.福建事变 <br>C.西安事变 <br>D.皖南事变,B
【近代史纲要】253. 1938年5至6月间，毛泽东系统阐述抗日战争的特点.前途和发展规律的重要讲演是<br><br>A.《抗日救国十大纲领》 <br>B.《论持久战》 <br>C. 《中国革命和中国共产党》 <br>D. 《新民主主义论》,B
【近代史纲要】254. 1935年12月，中国共产党确定抗日民族统一战线政策的会议是<br><br>A.遵义会议 <br>B.瓦窑堡会议 <br>C.洛川会议 <br>D.晋绥干部会议,B
【近代史纲要】255. 在抗日战争的战略防御阶段，国民党军队在正面战场上取得胜利的战役是<br><br>A.台儿庄战役 <br>B.桂南战役 <br>C.枣宜战役 <br>D.中条山战役,A
【近代史纲要】256. 毛泽东在《论持久战》中指出，中国抗日战争取得胜利最关键的阶段是<br><br>A.战略防御阶段 <br>B.战略相持阶段 <br>C.战略反攻阶段 <br>D.战略决战阶段,B
【近代史纲要】257. 1933年11月，在福州发动抗日反蒋事变的国民党爱国将领是<br><br>A.马占山和李杜 <br>B.冯玉祥和吉鸿昌 <br>C.蔡廷锴和蒋光鼐 <br>D.张学良和杨虎城,C
【近代史纲要】258. 1941年3月，在大后方抗日民主运动中诞生的民主党派是<br><br>A.中华民族解放行动委员会 <br>B.中国民主建国会 <br>C.中国民主促进会 <br>D.中国民主政团同盟,D
【近代史纲要】259. 抗日战争全面爆发后，中国军队取得第一次重大胜利的战役是<br><br>A.平型关战役 <br>B.雁门关战役 <br>C.阳明堡战役 <br>D.台儿庄战役,A
【近代史纲要】260. 1945年8月，发表《对日寇的最后一战》声明的是<br><br>A.朱德 <br>B.毛泽东 <br>C.彭德怀 <br>D.刘伯承,B
【近代史纲要】261. 1937年，出任新四军军长的<br><br>A.朱德 <br>B.刘伯承 <br>C.叶挺 <br>D.陈毅,C
【近代史纲要】262. 1937年，在淞沪会战中率领“八百壮士”孤守上海四行仓库的爱国将领是<br><br>A.佟麟阁 <br>B.赵登禹 <br>C.戴安澜 <br>D.谢晋元,D
【近代史纲要】263. 1933年，冯玉祥在张家口领导成立的抗日武装力量是<br><br>A.东北抗日义勇军 <br>B.东北抗日联军 <br>C.察哈尔抗日义勇军 <br>D.察哈尔抗日同盟军,D
【近代史纲要】264. 1935年，中共北平临时工作委员会领导发动的抗日救亡运动是<br><br>A.一二九运动 <br>B.一二一运动 <br>C.一二三〇运动 <br>D.五二〇运动,A
【近代史纲要】265. 1945年8月，中共中央在《对目前时局的宣言》中提出的口号是<br><br>A.和平.民主.团结 <br>B.打倒蒋介石，解放全中国 <br>C.向北发展，向南防御 <br>D.将革命进行到底,A
【近代史纲要】266. 1938年5月.6月间，毛泽东发表的系统论述抗日战争特点.前途和发展规律的著作是<br><br>A.《论反对日本帝国主义的策略》 <br>B.《抗日救国十大纲领》 <br>C.《论持久战》 <br>D.《对日寇的最后一战》,C
【近代史纲要】267. 1945年4月，包括解放区代表董必武在内的中国代表团出席了<br><br>A.开罗会议 <br>B.德黑兰会议 <br>C.雅尔塔会议 <br>D.联合国制宪会议,D
【近代史纲要】268. 1938年3月，国民党军队在抗日战争正面战场取得胜利的战役是<br><br>A.平型关战役 <br>B.桂南战役 <br>C.台儿庄战役 <br>D.枣宜战役,C
【近代史纲要】269. 1941年，在缅北对日作战中以身殉国的中国远征军将领是<br><br>A.佟麟阁 <br>B.谢晋元 <br>C.张自忠 <br>D.戴安澜,D
【近代史纲要】270. 1937年8月，中国共产党制定《抗日救国十大纲领》的重要会议是<br><br>A.瓦窑堡会议 <br>B.洛川会议 <br>C.中共六届六中全会 <br>D.中共六届七中全会,B
【近代史纲要】271. 1940年，八路军对华北日军发动的大规模进攻战役是<br><br>A.平型关战役 <br>B.雁门关战役 <br>C.阳明堡战役 <br>D.百团大战,D
【近代史纲要】272. 在抗美援朝战争中担任中国人民志愿军总司令兼政治委员的是<br><br>A.朱德 <br>B.彭德怀 <br>C.陈毅 <br>D.刘伯承,B
【近代史纲要】273. 1945年10月10日，国共双方签署了<br><br>A. 《国共重庆谈判纪要》 <br>B. 《国共重庆谈判协定》 <br>C. 《政府与中共代表会谈协定》 <br>D. 《政府与中共代表会谈纪要》,D
【近代史纲要】274. 1948年4月，毛泽东完整地提出新民主主义革命总路线的著作是<br><br>A. 《新民主主义论》 <br>B. 《目前形势和我们的任务》 <br>C. 《在晋绥干部会议上的讲话》 <br>D. 《将革命进行到底》,C
【近代史纲要】275. 中国人民解放军在1949年4月21日发起的重大战役是<br><br>A. 辽沈战役 <br>B. 淮海战役 <br>C. 平津战役 <br>D. 渡江战役,D
【近代史纲要】276. 1947年在国统区爆发的大规模爱国学生运动是<br><br>A.一二九运动 <br>B.五二〇运动 <br>C.一二一运动 <br>D.一二三〇运动,B
【近代史纲要】277. 《中国人民政治协商会议共同纲领》最基本.最核心的内容是规定了新中国的<br><br>A.基本民族政策 <br>B.国体和政体 <br>C.经济工作方针 <br>D.外交工作原则,B
【近代史纲要】278. 抗日战争胜利后，国共双方通过重庆谈判签订《政府与中共代表会谈纪要》的时间是<br><br>A.1945年8月 <br>B.1945年9月 <br>C.1945年10月 <br>D.1945年11月,C
【近代史纲要】279. 1946年6月全面内战爆发时，国民党军队首先进攻的地区是<br><br>A.中原解放区 <br>B.东北解放区 <br>C.山东解放区 <br>D.陕甘宁解放区,A
【近代史纲要】280. 新中国建立初期通过没收官僚资本建立了<br><br>A.合作社经济 <br>B.国家资本主义经济 <br>C.国营经济 <br>D.民族资本主义经济,C
【近代史纲要】281. 1950年6月，中国共产党为争取国家财政经济状况的基本好转而召开的重要会议是<br><br>A.中共七届二中全会 <br>B.中共七届三中全会 <br>C.中共七届四中全会 <br>D.中共七届五中全会,B
【近代史纲要】282. 1955年，毛泽东总结农业合作化运动基本经验的报告是<br><br>A. 《关于农业生产互助合作的决议(草案)》 <br>B. 《关于发展农业生产合作社的决议》 <br>C. 《关于农业合作化问题》 <br>D. 《关于人民公社若干问题的决议》,C
【近代史纲要】283. 1956年召开的中共八大指出，党和国家人民当前的主要任务是<br><br>A.正确处理人民内部矛盾 <br>B.实现社会主义四个现代化 <br>C.把我国推进到社会主义社会 <br>D.把我国从落后的农业国变为先进的工业国,D
【近代史纲要】284. 1946年6月，国名党当局制造了镇压上海人民团体和平请愿团的<br><br>A.五卅惨案 <br>B.校场口惨案 <br>C.下关惨案 <br>D.五二0案,C
【近代史纲要】285. 1947年10月10日，《中国人民解放军总部宣言》正式提出的口号是<br><br>A.和平.民主.团结 <br>B.打倒蒋介石，解放全中国 <br>C.将革命进行到底 <br>D.打过长江去，解放全中国,B
